{"cameraMode":{"drawMode":0,"name":"Shaded","section":"Shading Mode"},"sceneLighting":false,"audioPlay":false,"sceneViewState":{"showFog":false,"showMaterialUpdate":false,"showSkybox":false,"showFlares":false,"showImageEffects":false,"showParticleSystems":true},"in2DMode":false,"pivot":{"x":-16.231372833251954,"y":0.4895162582397461,"z":-22.589378356933595},"rotation":{"x":0.26377758383750918,"y":0.4272298216819763,"z":-0.13196101784706117,"w":0.8546826243400574},"size":63.083580017089847,"orthographic":false}