{"cameraMode":{"drawMode":0,"name":"Shaded","section":"Shading Mode"},"sceneLighting":false,"audioPlay":false,"sceneViewState":{"showFog":false,"showMaterialUpdate":false,"showSkybox":false,"showFlares":false,"showImageEffects":false,"showParticleSystems":true},"in2DMode":false,"pivot":{"x":2.590799331665039,"y":0.2763715386390686,"z":4.3773274421691898},"rotation":{"x":0.15146027505397798,"y":-0.10980559885501862,"z":0.016933180391788484,"w":0.982199490070343},"size":0.1662386804819107,"orthographic":false}