{"cameraMode":{"drawMode":0,"name":"Shaded","section":"Shading Mode"},"sceneLighting":true,"audioPlay":false,"sceneViewState":{"showFog":false,"showMaterialUpdate":false,"showSkybox":false,"showFlares":false,"showImageEffects":false,"showParticleSystems":true},"in2DMode":false,"pivot":{"x":2.593033790588379,"y":0.9824222922325134,"z":-9.757083892822266},"rotation":{"x":0.5466834306716919,"y":-0.0009811263298615814,"z":0.0005344235105440021,"w":0.8373386859893799},"size":44.472164154052737,"orthographic":false}