{"cameraMode":{"drawMode":0,"name":"Shaded","section":"Shading Mode"},"sceneLighting":false,"audioPlay":false,"sceneViewState":{"showFog":false,"showMaterialUpdate":false,"showSkybox":false,"showFlares":false,"showImageEffects":false,"showParticleSystems":true},"in2DMode":false,"pivot":{"x":0.0018178224563598633,"y":0.2834095060825348,"z":0.0005217790603637695},"rotation":{"x":0.25746509432792666,"y":-0.001404288224875927,"z":0.00027983804466202855,"w":0.9662865996360779},"size":3.454068183898926,"orthographic":true}