{"cameraMode":{"drawMode":0,"name":"Shaded","section":"Shading Mode"},"sceneLighting":false,"audioPlay":false,"sceneViewState":{"showFog":false,"showMaterialUpdate":false,"showSkybox":false,"showFlares":false,"showImageEffects":false,"showParticleSystems":true},"in2DMode":false,"pivot":{"x":1.4198203086853028,"y":1.0277644395828248,"z":4.000393390655518},"rotation":{"x":0.15146027505397798,"y":-0.10980559885501862,"z":0.016933180391788484,"w":0.982199490070343},"size":1.0662386417388917,"orthographic":false}