{"cameraMode":{"drawMode":0,"name":"Shaded","section":"Shading Mode"},"sceneLighting":false,"audioPlay":false,"sceneViewState":{"showFog":false,"showMaterialUpdate":false,"showSkybox":false,"showFlares":false,"showImageEffects":false,"showParticleSystems":true},"in2DMode":false,"pivot":{"x":0.03852550685405731,"y":0.5084168910980225,"z":-0.00323597714304924},"rotation":{"x":-0.026208538562059404,"y":-0.8119456171989441,"z":0.0365619882941246,"w":-0.5819972157478333},"size":1.8851253986358643,"orthographic":true}