{"cameraMode":{"drawMode":0,"name":"Shaded","section":"Shading Mode"},"sceneLighting":false,"audioPlay":false,"sceneViewState":{"showFog":false,"showMaterialUpdate":false,"showSkybox":false,"showFlares":false,"showImageEffects":false,"showParticleSystems":true},"in2DMode":false,"pivot":{"x":0.0,"y":65.70568084716797,"z":0.00000286102294921875},"rotation":{"x":0.45190221071243288,"y":-0.0026565317530184986,"z":0.0012357698287814856,"w":0.8920626640319824},"size":224.27577209472657,"orthographic":false}