{"cameraMode":{"drawMode":0,"name":"Shaded","section":"Shading Mode"},"sceneLighting":true,"audioPlay":false,"sceneViewState":{"showFog":false,"showMaterialUpdate":false,"showSkybox":false,"showFlares":false,"showImageEffects":false,"showParticleSystems":true},"in2DMode":false,"pivot":{"x":161.01043701171876,"y":370.343994140625,"z":387.736572265625},"rotation":{"x":0.3444342017173767,"y":0.03522680699825287,"z":-0.0130400275811553,"w":0.9380587339401245},"size":2134.23193359375,"orthographic":false}