{"cameraMode":{"drawMode":0,"name":"Shaded","section":"Shading Mode"},"sceneLighting":true,"audioPlay":false,"sceneViewState":{"showFog":false,"showMaterialUpdate":false,"showSkybox":false,"showFlares":false,"showImageEffects":false,"showParticleSystems":true},"in2DMode":false,"pivot":{"x":-16.43199920654297,"y":0.75,"z":-19.327999114990236},"rotation":{"x":-0.47977253794670107,"y":0.0031322191935032608,"z":-0.0016101915389299393,"w":-0.8773858547210693},"size":24.607763290405275,"orthographic":false}